{
    "type": "minecraft:crafting_shaped",
      
  "pattern": [
        " FR",
        "IRB",
        "RSB"
    ],
    "key": {
        "I": {
            "item": "minecraft:iron_ingot"
        },
        "B": {
            "item": "minecraft:iron_block"
        },
        "R": {
            "item": "minecraft:red_concrete"
        },
        "F": {
            "item": "minecraft:fire_charge"
        },
        "S": {
            "item": "minecraft:stone_button"
        }
    },
    "result": {
        "id": "minecraft:carrot_on_a_stick",
        "components": {
          "minecraft:custom_model_data": 88945,
          "minecraft:custom_data": {"gz_data":{"capacity":12, "bullets":0, "reload_time":4.7, "id":48,"debuff":-0.5},"HideFlags":32},
          "minecraft:item_name": "{\"translate\": \"thepa.item.name.gun_32\",\"color\": \"yellow\",\"italic\": false}",
          "minecraft:lore": [
            "{\"translate\": \"thepa.item.desc.line1\",\"color\": \"gray\",\"italic\": false}",
            "{\"text\": \"Reload Time: 4.7s\",\"color\": \"blue\",\"italic\": false}",
            "{\"text\":\"Uses Shells\"}"
          ]
        }
    }
}