{
    "type": "minecraft:crafting_shaped",
     
"pattern": [
        " S ",
        "ISP",
        " SL"
    ],
    "key": {
        "I": {
            "item": "minecraft:iron_ingot"
        },
        "S": {
            "item": "minecraft:stick"
        },
		"L": {
			"item": "minecraft:lever"
		},
		"P": {
			"tag": "minecraft:planks"
		}
    },
    "result": {
        "id": "minecraft:carrot_on_a_stick",
        "components": {
          "minecraft:custom_model_data": 88905,
          "minecraft:custom_data": {"gz_data":{"capacity":6, "bullets":0, "reload_time":2.7, "id":17,"debuff":-0.5},"HideFlags":32},
          "minecraft:item_name": "{\"translate\": \"thepa.item.name.gun_17\",\"color\": \"yellow\",\"italic\": false}",
          "minecraft:lore": [
            "{\"translate\": \"thepa.item.desc.line1\",\"color\": \"gray\",\"italic\": false}",
            "{\"text\": \"Reload Time: 3s\",\"color\": \"blue\",\"italic\": false}",
            "{\"text\":\"Uses Bullets\"}"
          ]
        }
    }
}