{
    "type": "minecraft:crafting_shaped",
    "pattern": [
        "bni",
        " h ",
        "SSS"
    ],
    "key": {
        "b": {
            "tag": "minecraft:buttons"
        },
        "i": {
            "item": "minecraft:iron_ingot"
        },
        "n": {
            "item": "minecraft:netherite_ingot"
        },
        "S": {
            "item": "minecraft:stick"
        },
        "h": {
            "item": "minecraft:hopper"
        }
    },
    "result": {
        "id": "minecraft:bat_spawn_egg",
        "components": {
          "minecraft:custom_model_data": 444445,
          "minecraft:item_name": "{\"text\":\"Mounted M2 Browning\",\"italic\":false}",
          "minecraft:hide_additional_tooltip": {},
          "minecraft:entity_data": {
            "id": "minecraft:armor_stand",
            "Marker":1,
            "Invisible":1,
            "Tags":["spawn_turret"]
          }
        }
    }
}